Sr. No.,Symbol,ISIN,Security Name,Overall Permitted Qty. Across All Segments,Memberwise Permitted Qty for CM Segment,
1,360ONE,INE466L01038,360 ONE WAM LIMITED,76162039,N.A,
2,3MINDIA,INE470A01017,3M India Limited,563254,N.A,
3,AADHARHFC,INE883F01010,Aadhar Housing Finance Limited,30582977,N.A,
4,AARTIIND,INE769A01020,Aarti Industries Limited,41994142,N.A,
5,AARTIPHARM,INE0LRU01027,Aarti Pharmalabs Limited,10319857,N.A,
6,AASTHA,INE2FMX01012,Aastha Spintex Limited,4131136,N.A,
7,AAVAS,INE216P01012,Aavas Financiers Limited,8106111,N.A,
8,ABB,INE117A01022,ABB India Limited,10595419,N.A,
9,ABBOTINDIA,INE358A01014,Abbott India Limited,1063051,N.A,
10,ABCAPITAL,INE674K01013,Aditya Birla Capital Limited,170578871,N.A,
11,ABFRL,INE647O01011,Aditya Birla Fashion and Retail Limited,129573222,N.A,
12,ABLBL,INE14LE01019,Aditya Birla Lifestyle Brands Limited,129177988,N.A,
13,ABREL,INE055A01016,Aditya Birla Real Estate Limited,10899649,N.A,
14,ABSLAMC,INE404A01024,Aditya Birla Sun Life AMC Limited,14625968,N.A,
15,ACC,INE012A01025,ACC Limited,16266067,N.A,
16,ACE,INE731H01025,Action Construction Equipment Limited,8223965,N.A,
17,ACI,INE128X01021,Archean Chemical Industries Limited,11499842,N.A,
18,ACMESOLAR,INE622W01025,Acme Solar Holdings Limited,40166788,N.A,
19,ACUTAAS,INE00FF01025,Acutaas Chemicals Limited,11025941,N.A,
20,ADANIENSOL,INE931S01010,Adani Energy Solutions Limited,60757363,N.A,
21,ADANIENT,INE423A01024,Adani Enterprises Limited,65491782,N.A,
22,ADANIGREEN,INE364U01010,Adani Green Energy Limited,123755896,N.A,
23,ADANIPORTS,INE742F01042,Adani Ports and Special Economic Zone Limited,156524305,N.A,
24,ADANIPOWER,INE814H01029,Adani Power Limited,965813566,N.A,
25,AEGISLOG,INE208C01025,Aegis Logistics Limited,29415065,N.A,
26,AEQUS,INE947N01017,Aequs Limited,51729263,N.A,
27,AEROFLEX,INE024001021,Aeroflex Industries Limited,9138821,N.A,
28,AETHER,INE0BWX01014,Aether Industries Limited,6655057,N.A,
29,AFCONS,INE101I01011,Afcons Infrastructure Limited,36655607,N.A,
30,AFFLE,INE00WC01027,Affle 3i Limited,12663461,N.A,
31,AGI,INE415A01038,AGI Greenpac Limited,5124912,N.A,
32,AGIIL,INE976R01033,Agi Infra Limited,7176658,N.A,
33,AIAENG,INE212H01026,AIA Engineering Limited,7746399,N.A,
34,AIIL,INE206F01022,Authum Investment & Infrastructure Limited,52972358,N.A,
35,AJANTPHARM,INE031B01049,Ajanta Pharma Limited,9124369,N.A,
36,AKUMS,INE09XN01023,Akums Drugs and Pharmaceuticals Limited,6929316,N.A,
37,ALIVUS,INE03Q201024,Alivus Life Sciences Limited,6168633,N.A,
38,ALKEM,INE540L01014,Alkem Laboratories Limited,12028022,N.A,
39,ALKYLAMINE,INE150B01039,Alkyl Amines Chemicals Limited,2859357,N.A,
40,ALOKINDS,INE270A01029,Alok Industries Limited,248279045,N.A,
41,AMBER,INE371P01015,Amber Enterprises India Limited,4351686,N.A,
42,AMBUJACEM,INE079A01024,Ambuja Cements Limited,162276968,N.A,
43,ANANDRATHI,INE463V01026,Anand Rathi Wealth Limited,19469222,N.A,
44,ANANTRAJ,INE242C01024,Anant Raj Limited,30655921,N.A,
45,ANGELONE,INE732I01021,Angel One Limited,129715436,N.A,
46,ANTHEM,INE0CZ201020,Anthem Biosciences Limited,28449894,N.A,
47,ANURAS,INE930P01018,Anupam Rasayan India Limited,9319059,N.A,
48,APARINDS,INE372A01015,Apar Industries Limited,3393986,N.A,
49,APEX,INE346W01013,Apex Frozen Foods Limited,1711189,N.A,
50,APLAPOLLO,INE702C01027,APL Apollo Tubes Limited,39844771,N.A,
51,APLLTD,INE901L01018,Alembic Pharmaceuticals Limited,11896262,N.A,
52,APOLLO,INE713T01028,Apollo Micro Systems Limited,36746243,N.A,
53,APOLLOHOSP,INE437A01024,Apollo Hospitals Enterprise Limited,20699505,N.A,
54,APOLLOPIPE,INE126J01016,Apollo Pipes Limited,4227871,N.A,
55,APOLLOTYRE,INE438A01022,Apollo Tyres Limited,79602769,N.A,
56,APTUS,INE852O01025,Aptus Value Housing Finance India Limited,76246049,N.A,
57,ARE&M,INE885A01032,Amara Raja Energy & Mobility Limited,24576010,N.A,
58,ARSSBL,INE549H01021,Anand Rathi Share and Stock Brokers Limited,3773148,N.A,
59,ARVIND,INE034A01011,Arvind Limited,31698631,N.A,
60,ARVINDFASN,INE955V01021,Arvind Fashions Limited,17349727,N.A,
61,ASAHIINDIA,INE439A01020,Asahi India Glass Limited,24692027,N.A,
62,ASHAPURMIN,INE348A01023,Ashapura Minechem Limited,9929254,N.A,
63,ASHOKA,INE442H01029,Ashoka Buildcon Limited,25558886,N.A,
64,ASHOKLEY,INE208A01029,Ashok Leyland Limited,565038806,N.A,
65,ASIANPAINT,INE021A01026,Asian Paints Limited,90771819,N.A,
66,ASIANTILES,INE022I01019,Asian Granito India Limited,36293101,N.A,
67,ASKAUTOLTD,INE491J01022,ASK Automotive Limited,9876844,N.A,
68,ASTERDM,INE914M01019,Aster DM Healthcare Limited,61531095,N.A,
69,ASTRAL,INE006I01046,Astral Limited,24596599,N.A,
70,ASTRAMICRO,INE386C01029,Astra Microwave Products Limited,17747836,N.A,
71,ASTRAZEN,INE203A01020,AstraZeneca Pharma India Limited,1250000,N.A,
72,ATGL,INE399L01023,Adani Total Gas Limited,55429321,N.A,
73,ATHERENERG,INE0LEZ01016,Ather Energy Limited,45422451,N.A,
74,ATUL,INE100A01010,Atul Limited,3225472,N.A,
75,AUBANK,INE949L01017,AU Small Finance Bank Limited,115593742,N.A,
76,AURIONPRO,INE132H01018,Aurionpro Solutions Limited,8074039,N.A,
77,AUROPHARMA,INE406A01037,Aurobindo Pharma Limited,55371034,N.A,
78,AVANTEL,INE005B01027,Avantel Limited,33455730,N.A,
79,AVANTIFEED,INE871C01038,Avanti Feeds Limited,15470095,N.A,
80,AVL,INE679V01027,Aditya Vision Limited,13651750,N.A,
81,AWL,INE699H01024,AWL Agri Business Limited,110367996,N.A,
82,AXISBANK,INE238A01034,Axis Bank Limited,573183497,N.A,
83,AZAD,INE02IJ01035,Azad Engineering Limited,5703501,N.A,
84,BAJAJ-AUTO,INE917I01010,Bajaj Auto Limited,25102981,N.A,
85,BAJAJCON,INE933K01021,Bajaj Consumer Care Limited,14898664,N.A,
86,BAJAJFINSV,INE918I01026,Bajaj Finserv Limited,131771723,N.A,
87,BAJAJHFL,INE377Y01014,Bajaj Housing Finance Limited,220851632,N.A,
88,BAJAJHIND,INE306A01021,Bajaj Hindusthan Sugar Limited,410683811,N.A,
89,BAJAJHLDNG,INE118A01012,Bajaj Holdings & Investment Limited,10803987,N.A,
90,BAJFINANCE,INE296A01032,Bajaj Finance Limited,562778077,N.A,
91,BALKRISIND,INE787D01026,Balkrishna Industries Limited,16125398,N.A,
92,BALMLAWRIE,INE164A01016,Balmer Lawrie & Company Limited,34200769,N.A,
93,BALRAMCHIN,INE119A01028,Balrampur Chini Mills Limited,24145118,N.A,
94,BALUFORGE,INE011E01029,Balu Forge Industries Limited,10489365,N.A,
95,BANCOINDIA,INE213C01025,Banco Products (I) Limited,9187463,N.A,
96,BANDHANBNK,INE545U01014,Bandhan Bank Limited,196589694,N.A,
97,BANKBARODA,INE028A01039,Bank of Baroda,372635498,N.A,
98,BANKINDIA,INE084A01016,Bank of India,242361229,N.A,
99,BASF,INE373A01013,BASF India Limited,2308484,N.A,
100,BATAINDIA,INE176A01028,Bata India Limited,12812405,N.A,
101,BAYERCROP,INE462A01022,Bayer Cropscience Limited,2149829,N.A,
102,BBL,INE464A01036,Bharat Bijlee Limited,1499824,N.A,
103,BBOX,INE676A01027,Black Box Limited,10651532,N.A,
104,BBTC,INE050A01025,The Bombay Burmah Trading Corporation Limited,3621771,N.A,
105,BDL,INE171Z01026,Bharat Dynamics Limited,18382289,N.A,
106,BECTORFOOD,INE495P01020,Mrs. Bectors Food Specialities Limited,31290865,N.A,
107,BEL,INE263A01024,Bharat Electronics Limited,714371379,N.A,
108,BELRISE,INE894V01022,Belrise Industries Limited,59699186,N.A,
109,BEML,INE258A01024,BEML Limited,7657800,N.A,
110,BERGEPAINT,INE463A01038,Berger Paints (I) Limited,58354675,N.A,
111,BHARATCOAL,INE05XR01022,Bharat Coking Coal Limited,93140000,N.A,
112,BHARATFORG,INE465A01025,Bharat Forge Limited,53477002,N.A,
113,BHARTIARTL,INE397D01024,Bharti Airtel Limited,622728209,N.A,
114,BHARTIHEXA,INE343G01021,Bharti Hexacom Limited,30000001,N.A,
115,BHEL,INE257A01026,Bharat Heavy Electricals Limited,291324554,N.A,
116,BIKAJI,INE00E101023,Bikaji Foods International Limited,13099401,N.A,
117,BIOCON,INE376G01013,Biocon Limited,180149119,N.A,
118,BIRLACORPN,INE340A01012,Birla Corporation Limited,5714231,N.A,
119,BLACKBUCK,INE0UIZ01018,BLACKBUCK LIMITED,27320616,N.A,
120,BLS,INE153T01027,BLS International Services Limited,24338485,N.A,
121,BLUEDART,INE233B01017,Blue Dart Express Limited,1186397,N.A,
122,BLUESTARCO,INE472A01039,Blue Star Limited,26113559,N.A,
123,BLUESTONE,INE304W01038,BlueStone Jewellery and Lifestyle Limited,25493878,N.A,
124,BOMDYEING,INE032A01023,Bombay Dyeing & Mfg Company Limited,19178746,N.A,
125,BORORENEW,INE666D01022,BOROSIL RENEWABLES LIMITED,11558672,N.A,
126,BOSCHLTD,INE323A01026,Bosch Limited,1737683,N.A,
127,BPCL,INE029A01011,Bharat Petroleum Corporation Limited,408027661,N.A,
128,BRIGADE,INE791I01019,Brigade Enterprises Limited,38421069,N.A,
129,BRITANNIA,INE216A01030,Britannia Industries Limited,23823081,N.A,
130,BSE,INE118H01025,BSE Limited,81576815,N.A,
131,BSOFT,INE836A01035,BIRLASOFT LIMITED,33320101,N.A,
132,CAMPUS,INE278Y01022,Campus Activewear Limited,17055040,N.A,
133,CAMS,INE596I01020,Computer Age Management Services Limited,49596900,N.A,
134,CANBK,INE476A01022,Canara Bank,672420574,N.A,
135,CANFINHOME,INE477A01020,Can Fin Homes Limited,18644845,N.A,
136,CANHLIFE,INE01TY01017,Canara HSBC Life Insurance Company Limited,71696985,N.A,
137,CAPLIPOINT,INE475E01026,Caplin Point Laboratories Limited,4473869,N.A,
138,CARBORUNIV,INE120A01034,Carborundum Universal Limited,23282230,N.A,
139,CARTRADE,INE290S01011,Cartrade Tech Limited,9575607,N.A,
140,CARYSIL,INE482D01024,CARYSIL LIMITED,3337171,N.A,
141,CASTROLIND,INE172A01027,Castrol India Limited,96933994,N.A,
142,CCAVENUE,INE483S01020,AvenuesAI Limited,505401742,N.A,
143,CCL,INE421D01022,CCL Products (India) Limited,14343431,N.A,
144,CDSL,INE736A01011,Central Depository Services (India) Limited,35530000,N.A,
145,CEATLTD,INE482A01020,CEAT Limited,4242478,N.A,
146,CEIGALL,INE0AG901020,Ceigall India Limited,6251610,N.A,
147,CELLO,INE0LMW01024,Cello World Limited,11044411,N.A,
148,CEMPRO,INE686A01026,Cemindia Projects Limited,11178940,N.A,
149,CENTRALBK,INE483A01010,Central Bank of India,340524338,N.A,
150,CENTUM,INE320B01020,Centum Electronics Limited,1566101,N.A,
151,CERA,INE739E01017,Cera Sanitaryware Limited,1175443,N.A,
152,CESC,INE486A01021,CESC Limited,126959974,N.A,
153,CGCL,INE180C01042,Capri Global Capital Limited,77128531,N.A,
154,CGPOWER,INE067A01029,CG Power and Industrial Solutions Limited,137451258,N.A,
155,CHALET,INE427F01016,Chalet Hotels Limited,14325889,N.A,
156,CHAMBLFERT,INE085A01013,Chambal Fertilizers & Chemicals Limited,31047322,N.A,
157,CHENNPETRO,INE178A01016,Chennai Petroleum Corporation Limited,9742660,N.A,
158,CHOICEIN,INE102B01014,Choice International Limited,20649700,N.A,
159,CHOLAFIN,INE121A01024,Cholamandalam Investment and Finance Company Limited,86479425,N.A,
160,CHOLAHLDNG,INE149A01033,Cholamandalam Financial Holdings Limited,20139029,N.A,
161,CIEINDIA,INE536H01010,CIE Automotive India Limited,26024673,N.A,
162,CIPLA,INE059A01026,Cipla Limited,114019092,N.A,
163,CLEAN,INE227W01023,Clean Science and Technology Limited,10352891,N.A,
164,CLEANMAX,INE647U01026,Clean Max Enviro Energy Solutions Limited,11829663,N.A,
165,CMPDI,INE05HV01027,Central Mine Planning & Design Institute Limited,21420000,N.A,
166,CMRGREEN,INE00WV01027,CMR Green Technologies Limited,7009776,N.A,
167,CMSINFO,INE925R01014,CMS Info Systems Limited,32012683,N.A,
168,COALINDIA,INE522F01014,Coal India Limited,454398478,N.A,
169,COCHINSHIP,INE704P01025,Cochin Shipyard Limited,16881908,N.A,
170,COFORGE,INE591G01025,Coforge Limited,88534309,N.A,
171,COHANCE,INE03QK01018,Cohance Lifesciences Limited,32527394,N.A,
172,COLPAL,INE259A01022,Colgate Palmolive (India) Limited,26654592,N.A,
173,CONCOR,INE111A01025,Container Corporation of India Limited,68852343,N.A,
174,CONCORDBIO,INE338H01029,Concord Biotech Limited,11699919,N.A,
175,CORDELIA,INE0LZF01013,Waterways Leisure Tourism Limited,1542513,N.A,
176,COROMANDEL,INE169A01031,Coromandel International Limited,25650912,N.A,
177,CPPLUS,INE819V01029,Aditya Infotech Limited,5950704,N.A,
178,CRAFTSMAN,INE00LO01017,Craftsman Automation Limited,3012284,N.A,
179,CRAMC,INE218I01013,Canara Robeco Asset Management Company Limited,9970871,N.A,
180,CREDITACC,INE741K01010,CREDITACCESS GRAMEEN LIMITED,10817401,N.A,
181,CRISIL,INE007A01025,Crisil Limited,4879486,N.A,
182,CROMPTON,INE299U01018,Crompton Greaves Consumer Electricals Limited,128782975,N.A,
183,CSBBANK,INE679A01013,CSB Bank Limited,20016651,N.A,
184,CUB,INE491A01021,City Union Bank Limited,198145937,N.A,
185,CUMMINSIND,INE298A01020,Cummins India Limited,27165600,N.A,
186,CUPID,INE509F01029,Cupid Limited,144567860,N.A,
187,CYIENT,INE136B01020,Cyient Limited,16920910,N.A,
188,CYIENTDLM,INE055S01018,Cyient DLM Limited,7599579,N.A,
189,DABUR,INE016A01026,Dabur India Limited,119737037,N.A,
190,DALBHARAT,INE00R701025,Dalmia Bharat Limited,16566881,N.A,
191,DATAPATTNS,INE0IX101010,Data Patterns (India) Limited,6448317,N.A,
192,DBL,INE917M01012,Dilip Buildcon Limited,11974693,N.A,
193,DCBBANK,INE503A01015,DCB Bank Limited,53928630,N.A,
194,DCMSHRIRAM,INE499A01024,DCM Shriram Limited,10223576,N.A,
195,DCXINDIA,INE0KL801015,DCX Systems Limited,10656417,N.A,
196,DEEPAKFERT,INE501A01019,Deepak Fertilizers and Petrochemicals Corporation Limited,13726856,N.A,
197,DEEPAKNTR,INE288B01029,Deepak Nitrite Limited,13822509,N.A,
198,DEEPINDS,INE0FHS01024,Deep Industries Limited,4673261,N.A,
199,DELHIVERY,INE148O01028,Delhivery Limited,149721622,N.A,
200,DELTACORP,INE124G01033,Delta Corp Limited,35096033,N.A,
201,DEVYANI,INE872J01023,Devyani International Limited,95269520,N.A,
202,DIVISLAB,INE361B01024,Divi's Laboratories Limited,25546698,N.A,
203,DIXON,INE935N01020,Dixon Technologies (India) Limited,8672464,N.A,
204,DLF,INE271C01023,DLF Limited,128335064,N.A,
205,DMART,INE192R01011,Avenue Supermarts Limited,33289944,N.A,
206,DOMS,INE321T01012,DOMS Industries Limited,3594203,N.A,
207,DREDGECORP,INE506A01018,Dredging Corporation of India Limited,1485597,N.A,
208,DRREDDY,INE089A01031,Dr. Reddy's Laboratories Limited,122077151,N.A,
209,DYNAMATECH,INE221B01012,Dynamatic Technologies Limited,794640,N.A,
210,E2E,INE255Z01027,E2E Networks Limited,24858624,N.A,
211,ECLERX,INE738I01010,eClerx Services Limited,8148914,N.A,
212,EDELWEISS,INE532F01054,Edelweiss Financial Services Limited,128244534,N.A,
213,EICHERMOT,INE066A01021,Eicher Motors Limited,27949852,N.A,
214,EIDPARRY,INE126A01031,EID Parry India Limited,20831266,N.A,
215,EIEL,INE0LLY01014,Enviro Infra Engineers Limited,10465695,N.A,
216,EIHOTEL,INE230A01023,EIH Limited,83988222,N.A,
217,ELECON,INE205B01031,Elecon Engineering Company Limited,18277563,N.A,
218,ELGIEQUIP,INE285A01027,Elgi Equipments Limited,43277460,N.A,
219,EMAMILTD,INE548C01032,Emami Limited,39421318,N.A,
220,EMCURE,INE168P01015,Emcure Pharmaceuticals Limited,8392269,N.A,
221,EMMVEE,INE1C6T01020,Emmvee Photovoltaic Power Limited,27649770,N.A,
222,ENDURANCE,INE913H01037,Endurance Technologies Limited,7033142,N.A,
223,ENGINERSIN,INE510A01028,Engineers India Limited,54716758,N.A,
224,ENRIN,INE1NPP01017,Siemens Energy India Limited,17806118,N.A,
225,ENTERO,INE010601016,Entero Healthcare Solutions Limited,4140666,N.A,
226,EPACK,INE0G5901015,EPACK Durable Limited,10165271,N.A,
227,EPL,INE255A01020,EPL Limited,47153612,N.A,
228,EQUITASBNK,INE063P01018,Equitas Small Finance Bank Limited,228208612,N.A,
229,ERIS,INE406M01024,Eris Lifesciences Limited,12766829,N.A,
230,ESCORTS,INE042A01014,Escorts Kubota Limited,6780307,N.A,
231,ETERNAL,INE758T01015,ETERNAL LIMITED,1841078619,N.A,
232,EXIDEIND,INE302A01020,Exide Industries Limited,91809067,N.A,
233,FACT,INE188A01015,Fertilizers and Chemicals Travancore Limited,12941440,N.A,
234,FEDERALBNK,INE171A01029,The Federal Bank  Limited,487852319,N.A,
235,FEDFINA,INE007N01010,Fedbank Financial Services Limited,29346262,N.A,
236,FIEMIND,INE737H01014,Fiem Industries Limited,2394269,N.A,
237,FINCABLES,INE235A01022,Finolex Cables Limited,19619635,N.A,
238,FINEORG,INE686Y01026,Fine Organic Industries Limited,1533095,N.A,
239,FINPIPE,INE183A01024,Finolex Industries Limited,58549084,N.A,
240,FIRSTCRY,INE02RE01045,Brainbees Solutions Limited,97039185,N.A,
241,FIVESTAR,INE128S01021,Five-Star Business Finance Limited,48048091,N.A,
242,FLUOROCHEM,INE09N301011,Gujarat Fluorochemicals Limited,8481819,N.A,
243,FORCEMOT,INE451A01017,FORCE MOTORS LTD,1011183,N.A,
244,FORTIS,INE061F01013,Fortis Healthcare Limited,103932451,N.A,
245,FRACTAL,INE212S01015,Fractal Analytics Limited,28555983,N.A,
246,FSL,INE684F01012,Firstsource Solutions Limited,63411572,N.A,
247,GABRIEL,INE524A01029,Gabriel India Limited,12920305,N.A,
248,GAEL,INE036B01030,Gujarat Ambuja Exports Limited,33166538,N.A,
249,GAIL,INE129A01019,GAIL (India) Limited,628422326,N.A,
250,GESHIP,INE017A01032,The Great Eastern Shipping Company Limited,19966183,N.A,
251,GHCL,INE539A01019,GHCL Limited,14772637,N.A,
252,GICRE,INE481Y01014,General Insurance Corporation of India,61766477,N.A,
253,GILLETTE,INE322A01010,Gillette India Limited,1629483,N.A,
254,GLAND,INE068V01023,Gland Pharma Limited,15872498,N.A,
255,GLAXO,INE159A01016,GlaxoSmithKline Pharmaceuticals Limited,8470302,N.A,
256,GLENMARK,INE935A01035,Glenmark Pharmaceuticals Limited,30109625,N.A,
257,GMBREW,INE075D01018,GM Breweries Limited,1168354,N.A,
258,GMDCLTD,INE131A01031,Gujarat Mineral Development Corporation Limited,16536000,N.A,
259,GMMPFAUDLR,INE541A01023,GMM Pfaudler Limited,6727388,N.A,
260,GMRAIRPORT,INE776C01039,GMR AIRPORTS LIMITED,711119209,N.A,
261,GMRP&UI,INE0CU601026,GMR Power and Urban Infra Limited,83918141,N.A,
262,GNFC,INE113A01013,Gujarat Narmada Valley Fertilizers and Chemicals Limited,17249403,N.A,
263,GODFRYPHLP,INE260B01028,Godfrey Phillips India Limited,8553865,N.A,
264,GODIGIT,INE03JT01014,Go Digit General Insurance Limited,49907662,N.A,
265,GODREJAGRO,INE850D01014,Godrej Agrovet Limited,12407766,N.A,
266,GODREJCP,INE102D01028,Godrej Consumer Products Limited,96075403,N.A,
267,GODREJIND,INE233A01035,Godrej Industries Limited,17085726,N.A,
268,GODREJPROP,INE484J01027,Godrej Properties Limited,29118753,N.A,
269,GOKEX,INE887G01027,Gokaldas Exports Limited,13308376,N.A,
270,GOKULAGRO,INE314T01033,Gokul Agro Resources Limited,15201794,N.A,
271,GOODLUCK,INE127I01024,Goodluck India Limited,3057931,N.A,
272,GPIL,INE177H01039,Godawari Power And Ispat limited,49221823,N.A,
273,GPPL,INE517F01014,Gujarat Pipavav Port Limited,54140196,N.A,
274,GRANULES,INE101D01020,Granules India Limited,30718679,N.A,
275,GRAPHITE,INE371A01025,Graphite India Limited,13543190,N.A,
276,GRASIM,INE047A01021,Grasim Industries Limited,76116129,N.A,
277,GRAVITA,INE024L01027,Gravita India Limited,6316988,N.A,
278,GREAVESCOT,INE224A01026,Greaves Cotton Limited,20596961,N.A,
279,GRINDWELL,INE536A01023,Grindwell Norton Limited,9293148,N.A,
280,GROWW,INE0HOQ01053,Billionbrains Garage Ventures Limited,900254333,N.A,
281,GRSE,INE382Z01011,Garden Reach Shipbuilders & Engineers Limited,5842152,N.A,
282,GSFC,INE026A01025,Gujarat State Fertilizers & Chemicals Limited,49535525,N.A,
283,GUJENERGY,INE844O01030,GUJARAT ENERGY LIMITED,114570184,N.A,
284,GULFOILLUB,INE635Q01029,Gulf Oil Lubricants India Limited,3259870,N.A,
285,GVT&D,INE200A01026,GE Vernova T&D India Limited,25092560,N.A,
286,HAL,INE066F01020,Hindustan Aeronautics Limited,37934515,N.A,
287,HAPPSTMNDS,INE419U01012,Happiest Minds Technologies Limited,16613921,N.A,
288,HAVELLS,INE176B01034,Havells India Limited,51020746,N.A,
289,HBLENGINE,INE292B01021,HBL Engineering Limited,22668527,N.A,
290,HCC,INE549A01026,Hindustan Construction Company Limited,436310976,N.A,
291,HCG,INE075I01017,Healthcare Global Enterprises Limited,10687338,N.A,
292,HCLTECH,INE860A01027,HCL Technologies Limited,210870039,N.A,
293,HDBFS,INE756I01012,HDB Financial Services Limited,42588724,N.A,
294,HDFCAMC,INE127D01025,HDFC Asset Management Company Limited,40858719,N.A,
295,HDFCBANK,INE040A01034,HDFC Bank Limited,2669986620,N.A,
296,HDFCLIFE,INE795G01014,HDFC Life Insurance Company Limited,214787486,N.A,
297,HEG,INE545A01024,HEG Limited,16873732,N.A,
298,HEMIPROP,INE0AJG01018,Hemisphere Properties India Limited,27860623,N.A,
299,HERITGFOOD,INE978A01027,Heritage Foods Limited,10893652,N.A,
300,HEROMOTOCO,INE158A01026,Hero MotoCorp Limited,26120319,N.A,
301,HEXT,INE093A01041,Hexaware Technologies Limited,31093660,N.A,
302,HFCL,INE548A01028,HFCL Limited,219443814,N.A,
303,HGINFRA,INE926X01010,H.G. Infra Engineering Limited,3678187,N.A,
304,HINDALCO,INE038A01020,Hindalco Industries Limited,291537861,N.A,
305,HINDCOPPER,INE531E01026,Hindustan Copper Limited,65482129,N.A,
306,HINDOILEXP,INE345A01011,Hindustan Oil Exploration Company Limited,26448658,N.A,
307,HINDPETRO,INE094A01015,Hindustan Petroleum Corporation Limited,191910891,N.A,
308,HINDUNILVR,INE030A01027,Hindustan Unilever Limited,179035681,N.A,
309,HINDZINC,INE267A01025,Hindustan Zinc Limited,332009529,N.A,
310,HITECH,INE106T01025,Hi-Tech Pipes Limited,22766493,N.A,
311,HOMEFIRST,INE481N01025,Home First Finance Company India Limited,19407920,N.A,
312,HONASA,INE0J5401028,Honasa Consumer Limited,41944279,N.A,
313,HONAUT,INE671A01010,Honeywell Automation India Limited,442076,N.A,
314,HSCL,INE019C01026,Himadri Speciality Chemical Limited,47936459,N.A,
315,HUDCO,INE031A01017,Housing & Urban Development Corporation Limited,100095000,N.A,
316,HYUNDAI,INE0V6F01027,Hyundai Motor India Limited,28438940,N.A,
317,ICICIAMC,INE346A01027,ICICI Prudential Asset Management Company Limited,12265733,N.A,
318,ICICIBANK,INE090A01021,ICICI Bank Limited,1432022514,N.A,
319,ICICIGI,INE765G01017,ICICI Lombard General Insurance Company Limited,48564316,N.A,
320,ICICIPRULI,INE726G01019,ICICI Prudential Life Insurance Company Limited,78831096,N.A,
321,IDBI,INE008A01015,IDBI Bank Limited,113685467,N.A,
322,IDEA,INE669E01016,Vodafone Idea Limited,16112391292,N.A,
323,IDFCFIRSTB,INE092T01019,IDFC First Bank Limited,1720339850,N.A,
324,IEX,INE022Q01020,Indian Energy Exchange Limited,177860058,N.A,
325,IFCI,INE039A01010,IFCI Limited,147807447,N.A,
326,IGIL,INE0Q9301021,International Gemological Institute Limited,20264779,N.A,
327,IGL,INE203G01027,Indraprastha Gas Limited,154000160,N.A,
328,IIFL,INE530B01024,IIFL Finance Limited,63922982,N.A,
329,IIFLCAPS,INE489L01022,IIFL Capital Services Limited,43057896,N.A,
330,IKS,INE115Q01022,Inventurus Knowledge Solutions Limited,11657264,N.A,
331,IMFA,INE919H01018,Indian Metals & Ferro Alloys Limited,4458079,N.A,
332,INDGN,INE065X01017,Indegene Limited,48180271,N.A,
333,INDHOTEL,INE053A01029,The Indian Hotels Company Limited,176174897,N.A,
334,INDIACEM,INE383A01012,The India Cements Limited,15494511,N.A,
335,INDIAGLYCO,INE560A01023,India Glycols Limited,5411782,N.A,
336,INDIAMART,INE933S01016,Indiamart Intermesh Limited,6113554,N.A,
337,INDIANB,INE562A01011,Indian Bank,70482876,N.A,
338,INDIASHLTR,INE922K01024,India Shelter Finance Corporation Limited,11411319,N.A,
339,INDIGO,INE646L01027,InterGlobe Aviation Limited,45176150,N.A,
340,INDIGOPNTS,INE09VQ01012,Indigo Paints Limited,4397809,N.A,
341,INDRAMEDCO,INE681B01017,Indraprastha Medical Corporation Limited,8984000,N.A,
342,INDUSINDBK,INE095A01012,IndusInd Bank Limited,125084423,N.A,
343,INDUSTOWER,INE121J01017,Indus Towers Limited,256996180,N.A,
344,INFY,INE009A01021,Infosys Limited,640478547,N.A,
345,INGERRAND,INE177A01018,Ingersoll Rand (India) Limited,1578400,N.A,
346,INOXGREEN,INE510W01014,Inox Green Energy Services Limited,35234951,N.A,
347,INOXINDIA,INE616N01034,INOX India Limited,4563243,N.A,
348,INOXWIND,INE066P01011,Inox Wind Limited,192944944,N.A,
349,INTELLECT,INE306R01017,Intellect Design Arena Limited,19630138,N.A,
350,INTERARCH,INE00M901018,Interarch Building Solutions Limited,1360738,N.A,
351,IOB,INE565A01014,Indian Overseas Bank,291220299,N.A,
352,IOC,INE242A01010,Indian Oil Corporation Limited,1369807723,N.A,
353,IOLCP,INE485C01029,IOL Chemicals and Pharmaceuticals Limited,22145502,N.A,
354,IONEXCHANG,INE570A01022,ION Exchange (India) Limited,17099112,N.A,
355,IPCALAB,INE571A01038,IPCA Laboratories Limited,28047349,N.A,
356,IRB,INE821I01022,IRB Infrastructure Developers Limited,1671799608,N.A,
357,IRCON,INE962Y01021,Ircon International Limited,65517470,N.A,
358,IRCTC,INE335Y01020,Indian Railway Catering And Tourism Corporation Limited,60165566,N.A,
359,IREDA,INE202E01016,Indian Renewable Energy Development Agency Limited,158681548,N.A,
360,IRFC,INE053F01010,Indian Railway Finance Corporation Limited,401221966,N.A,
361,ITC,INE154A01025,ITC Limited,2505272833,N.A,
362,ITCHOTELS,INE379A01028,ITC Hotels Limited,250595262,N.A,
363,ITI,INE248A01017,ITI Limited,19217738,N.A,
364,IXIGO,INE0HV901016,Le Travenues Technology Limited,87636705,N.A,
365,J&KBANK,INE168A01041,The Jammu & Kashmir Bank Limited,89416837,N.A,
366,JAINREC,INE0YD401026,Jain Resource Recycling Limited,18228663,N.A,
367,JAMNAAUTO,INE039C01032,Jamna Auto Industries Limited,40110240,N.A,
368,JAYNECOIND,INE854B01010,Jayaswal Neco Industries Limited,87095776,N.A,
369,JBMA,INE927D01051,JBM Auto Limited,15357196,N.A,
370,JINDALSAW,INE324A01032,Jindal Saw Limited,46632069,N.A,
371,JINDALSTEL,INE749A01030,JINDAL STEEL LIMITED,75590247,N.A,
372,JINDRILL,INE742C01031,Jindal Drilling And Industries Limited,1925629,N.A,
373,JIOFIN,INE758E01017,Jio Financial Services Limited,671850851,N.A,
374,JKCEMENT,INE823G01014,JK Cement Limited,8398033,N.A,
375,JKLAKSHMI,INE786A01032,JK Lakshmi Cement Limited,13625797,N.A,
376,JKPAPER,INE789E01012,JK Paper Limited,17064428,N.A,
377,JKTYRE,INE573A01042,JK Tyre & Industries Limited,27834995,N.A,
378,JMFINANCIL,INE780C01023,JM Financial Limited,82122274,N.A,
379,JPPOWER,INE351F01018,Jaiprakash Power Ventures Limited,1041725742,N.A,
380,JSFB,INE953L01027,Jana Small Finance Bank Limited,17498494,N.A,
381,JSL,INE220G01021,Jindal Stainless Limited,62516698,N.A,
382,JSWCEMENT,INE718I01012,JSW Cement Limited,71841632,N.A,
383,JSWDULUX,INE133A01011,JSW Dulux Limited,3533718,N.A,
384,JSWENERGY,INE121E01018,JSW Energy Limited,122512428,N.A,
385,JSWINFRA,INE880J01026,JSW Infrastructure Limited,120153106,N.A,
386,JSWSTEEL,INE019A01038,JSW Steel Limited,266524644,N.A,
387,JUBLFOOD,INE797F01020,Jubilant Foodworks Limited,78384414,N.A,
388,JUBLINGREA,INE0BY001018,Jubilant Ingrevia Limited,17136679,N.A,
389,JUBLPHARMA,INE700A01033,Jubilant Pharmova Limited,16489709,N.A,
390,JWL,INE209L01016,Jupiter Wagons Limited,27087723,N.A,
391,JYOTHYLAB,INE668F01031,Jyothy Labs Limited,27255965,N.A,
392,JYOTICNC,INE980O01024,Jyoti CNC Automation Limited,17035320,N.A,
393,KAJARIACER,INE217B01036,Kajaria Ceramics Limited,16663412,N.A,
394,KALYANKJIL,INE303R01014,Kalyan Jewellers India Limited,76699553,N.A,
395,KANSAINER,INE531A01024,Kansai Nerolac Paints Limited,40490885,N.A,
396,KARURVYSYA,INE036D01028,Karur Vysya Bank Limited,189335452,N.A,
397,KAYNES,INE918Z01012,Kaynes Technology India Limited,6239224,N.A,
398,KEC,INE389H01022,KEC International Limited,26566180,N.A,
399,KEI,INE878B01027,KEI Industries Limited,12427921,N.A,
400,KERNEX,INE202H01019,Kernex Microsystems (India) Limited,2395200,N.A,
401,KFINTECH,INE138Y01010,Kfin Technologies Limited,26617890,N.A,
402,KIMS,INE967H01025,Krishna Institute of Medical Sciences Limited,52729921,N.A,
403,KIRIINDUS,INE415I01015,Kiri Industries Limited,7596745,N.A,
404,KIRLOSBROS,INE732A01036,Kirloskar Brothers Limited,5407450,N.A,
405,KIRLOSENG,INE146L01010,Kirloskar Oil Engines Limited,17130769,N.A,
406,KIRLPNU,INE811A01020,Kirloskar Pneumatic Company Limited,7949213,N.A,
407,KISSHT,INE12F801023,OnEMI Technology Solutions Limited,25339579,N.A,
408,KMEW,INE0CJD01029,Knowledge Marine & Engineering Works Limited,2267088,N.A,
409,KNACK,INE17QZ01016,Knack Packaging Limited,7196333,N.A,
410,KNRCON,INE634I01029,KNR Constructions Limited,28795091,N.A,
411,KOTAKBANK,INE237A01036,Kotak Mahindra Bank Limited,1474701434,N.A,
412,KPIGREEN,INE542W01025,KPI Green Energy Limited,19936508,N.A,
413,KPIL,INE220B01022,Kalpataru Projects International Limited,22683971,N.A,
414,KPITTECH,INE04I401011,KPIT Technologies Limited,32831792,N.A,
415,KPRMILL,INE930H01031,K.P.R. Mill Limited,22201577,N.A,
416,KRBL,INE001B01026,KRBL Limited,18234028,N.A,
417,KRISHANA,INE506W01020,Krishana Phoschem Limited,16733507,N.A,
418,KSB,INE999A01023,Ksb Limited,10513538,N.A,
419,KSCL,INE455I01029,Kaveri Seed Company Limited,3983725,N.A,
420,KTKBANK,INE614B01018,The Karnataka Bank Limited,75636312,N.A,
421,LALPATHLAB,INE600L01024,Dr. Lal Path Labs Ltd.,15563101,N.A,
422,LATENTVIEW,INE0I7C01011,Latent View Analytics Limited,14443611,N.A,
423,LAURUSLABS,INE947Q01028,Laurus Labs Limited,78284972,N.A,
424,LEMONTREE,INE970X01018,Lemon Tree Hotels Limited,123011237,N.A,
425,LENSKART,INE956O01016,Lenskart Solutions Limited,284867970,N.A,
426,LGEINDIA,INE324D01010,LG Electronics India Limited,20363172,N.A,
427,LICHSGFIN,INE115A01026,LIC Housing Finance Limited,60244101,N.A,
428,LICI,INE0J1Y01017,Life Insurance Corporation Of India,88549968,N.A,
429,LINDEINDIA,INE473A01011,Linde India Limited,4264211,N.A,
430,LLOYDSENGG,INE093R01011,LLOYDS ENGINEERING WORKS LIMITED,171439394,N.A,
431,LLOYDSENT,INE080I01025,Lloyds Enterprises Limited,113826405,N.A,
432,LLOYDSME,INE281B01032,Lloyds Metals And Energy Limited,43127196,N.A,
433,LMW,INE269B01029,LMW Limited,1478578,N.A,
434,LODHA,INE670K01029,Lodha Developers Limited,55397323,N.A,
435,LT,INE018A01030,Larsen & Toubro Limited,272228582,N.A,
436,LTF,INE498L01015,L&T Finance Limited,170595215,N.A,
437,LTFOODS,INE818H01020,LT Foods Limited,34027208,N.A,
438,LTM,INE214T01019,LTM Limited,18658388,N.A,
439,LTTS,INE010V01017,L&T Technology Services Limited,5602249,N.A,
440,LUMAXIND,INE162B01018,Lumax Industries Limited,467387,N.A,
441,LUMAXTECH,INE872H01027,Lumax Auto Technologies Limited,6000655,N.A,
442,LUPIN,INE326A01037,Lupin Limited,48593285,N.A,
443,LXCHEM,INE576O01020,Laxmi Organic Industries Limited,16988275,N.A,
444,M&M,INE101A01026,Mahindra & Mahindra Limited,190826505,N.A,
445,M&MFIN,INE774D01024,Mahindra & Mahindra Financial Services Limited,132000220,N.A,
446,MAHABANK,INE457A01014,Bank of Maharashtra,406099064,N.A,
447,MAHSCOOTER,INE288A01013,Maharashtra Scooters Limited,1120002,N.A,
448,MAHSEAMLES,INE271B01025,Maharashtra Seamless Limited,7965344,N.A,
449,MANAPPURAM,INE522D01027,Manappuram Finance Limited,128187018,N.A,
450,MANINDS,INE993A01026,Man Industries (India) Limited,8519510,N.A,
451,MANKIND,INE634S01028,Mankind Pharma Limited,22573543,N.A,
452,MANORAMA,INE00VM01036,Manorama Industries Limited,5454625,N.A,
453,MANYAVAR,INE825V01034,Vedant Fashions Limited,12177622,N.A,
454,MAPMYINDIA,INE0BV301023,C.E. Info Systems Limited,5321451,N.A,
455,MARICO,INE196A01026,Marico Limited,106140968,N.A,
456,MARINE,INE01JE01028,Marine Electricals (India) Limited,8901539,N.A,
457,MARKSANS,INE750C01026,Marksans Pharma Limited,50868347,N.A,
458,MARUTI,INE585B01010,Maruti Suzuki India Limited,26079420,N.A,
459,MASTEK,INE759A01021,Mastek Limited,3982917,N.A,
460,MAXHEALTH,INE027H01010,Max Healthcare Institute Limited,148471468,N.A,
461,MAZDOCK,INE249Z01020,Mazagon Dock Shipbuilders Limited,15152300,N.A,
462,MBAPL,INE900L01028,Madhya Bharat Agro Products Limited,22117596,N.A,
463,MCX,INE745G01043,Multi Commodity Exchange of India Limited,50902818,N.A,
464,MEDANTA,INE474Q01031,Global Health Limited,35972395,N.A,
465,MEDPLUS,INE804L01022,Medplus Health Services Limited,14344518,N.A,
466,MEESHO,INE0VDM01015,Meesho Limited,770482431,N.A,
467,METROPOLIS,INE112L01020,Metropolis Healthcare Limited,21203157,N.A,
468,MFSL,INE180A01020,Max Financial Services Limited,68159703,N.A,
469,MGL,INE002S01010,Mahanagar Gas Limited,13335006,N.A,
470,MIDHANI,INE099Z01011,Mishra Dhatu Nigam Limited,9741680,N.A,
471,MINDACORP,INE842C01021,Minda Corporation Limited,16067447,N.A,
472,MMTC,INE123F01029,MMTC Limited,30219371,N.A,
473,MOBIKWIK,INE0HLU01028,One Mobikwik Systems Limited,11796429,N.A,
474,MOIL,INE490G01020,MOIL Limited,14372225,N.A,
475,MOREPENLAB,INE083A01026,Morepen Laboratories Limited,70516422,N.A,
476,MOSCHIP,INE935B01025,Moschip Technologies Limited,23288828,N.A,
477,MOTHERSON,INE775A01035,Samvardhana Motherson International Limited,1080403423,N.A,
478,MOTILALOFS,INE338I01027,Motilal Oswal Financial Services Limited,39495790,N.A,
479,MPHASIS,INE356A01018,MphasiS Limited,26503482,N.A,
480,MRF,INE883A01011,MRF Limited,612642,N.A,
481,MRPL,INE103A01014,Mangalore Refinery and Petrochemicals Limited,40018232,N.A,
482,MSTCLTD,INE255X01014,Mstc Limited,4963840,N.A,
483,MSUMI,INE0FS801015,Motherson Sumi Wiring India Limited,507632032,N.A,
484,MTARTECH,INE864I01014,Mtar Technologies Limited,4278977,N.A,
485,MUFIN,INE08KJ01020,Mufin Green Finance Limited,20885307,N.A,
486,MUTHOOTFIN,INE414G01012,Muthoot Finance Limited,21400921,N.A,
487,NAM-INDIA,INE298J01013,Nippon Life India Asset Management Limited,35817580,N.A,
488,NATCOPHARM,INE987B01026,Natco Pharma Limited,18118949,N.A,
489,NATIONALUM,INE139A01034,National Aluminium Company Limited,178967755,N.A,
490,NAUKRI,INE663F01032,Info Edge (India) Limited,80922153,N.A,
491,NAVA,INE725A01030,NAVA LIMITED,28307542,N.A,
492,NAVINFLUOR,INE048G01026,Navin Fluorine International Limited,7471370,N.A,
493,NAZARA,INE418L01047,Nazara Technologies Limited,47821645,N.A,
494,NBCC,INE095N01031,NBCC (India) Limited,206526272,N.A,
495,NCC,INE868B01028,NCC Limited,96583819,N.A,
496,NELCO,INE045B01015,NELCO Limited,2277892,N.A,
497,NEOGEN,INE136S01016,Neogen Chemicals Limited,2573387,N.A,
498,NESTLEIND,INE239A01024,Nestle India Limited,143602548,N.A,
499,NETWEB,INE0NT901020,Netweb Technologies India Limited,3759829,N.A,
500,NETWORK18,INE870H01013,Network18 Media & Investments Limited,132948252,N.A,
501,NEULANDLAB,INE794A01010,Neuland Laboratories Limited,1728581,N.A,
502,NEWGEN,INE619B01017,Newgen Software Technologies Limited,13056790,N.A,
503,NFL,INE870D01012,National Fertilizers Limited,24809774,N.A,
504,NH,INE410P01011,Narayana Hrudayalaya Ltd.,14758221,N.A,
505,NHPC,INE848E01016,NHPC Limited,654977669,N.A,
506,NIACL,INE470Y01017,The New India Assurance Company Limited,48000000,N.A,
507,NIVABUPA,INE995S01015,Niva Bupa Health Insurance Company Limited,164953260,N.A,
508,NLCINDIA,INE589A01014,NLC India Limited,77096009,N.A,
509,NMDC,INE584A01023,NMDC Limited,689383367,N.A,
510,NORTHARC,INE850M01015,Northern Arc Capital Limited,32312102,N.A,
511,NSLNISP,INE0NNS01018,NMDC Steel Limited,229794456,N.A,
512,NTPC,INE733E01010,NTPC Limited,948263977,N.A,
513,NTPCGREEN,INE0ONG01011,NTPC Green Energy Limited,185265934,N.A,
514,NUVAMA,INE531F01023,Nuvama Wealth Management Limited,16700958,N.A,
515,NUVOCO,INE118D01016,Nuvoco Vistas Corporation Limited,19987695,N.A,
516,NYKAA,INE388Y01029,FSN E-Commerce Ventures Limited,274367043,N.A,
517,OBEROIRLTY,INE093I01010,Oberoi Realty Limited,23485458,N.A,
518,OFSS,INE881D01027,Oracle Financial Services Software Limited,4804188,N.A,
519,OIL,INE274J01014,Oil India Limited,141008560,N.A,
520,OLAELEC,INE0LXG01040,Ola Electric Mobility Limited,578566187,N.A,
521,OLECTRA,INE260D01016,Olectra Greentech Limited,8205547,N.A,
522,ONESOURCE,INE013P01021,Onesource Specialty Pharma Limited,15936219,N.A,
523,ONGC,INE213A01029,Oil & Natural Gas Corporation Limited,1034282423,N.A,
524,ORKLAINDIA,INE16NZ01023,Orkla India Limited,6849462,N.A,
525,PACEDIGITK,INE0S3G01027,Pace Digitek Limited,13158837,N.A,
526,PAGEIND,INE761H01022,Page Industries Limited,1274066,N.A,
527,PARADEEP,INE088F01024,Paradeep Phosphates Limited,87625275,N.A,
528,PARAGMILK,INE883N01014,Parag Milk Foods Limited,14830416,N.A,
529,PARAS,INE045601023,Paras Defence and Space Technologies Limited,7543749,N.A,
530,PARKHOSPS,INE119201023,Park Medi World Limited,14776471,N.A,
531,PATANJALI,INE619A01035,Patanjali Foods Limited,69104781,N.A,
532,PATELENG,INE244B01030,Patel Engineering Limited,128543997,N.A,
533,PAYTM,INE982J01020,One 97 Communications Limited,128009136,N.A,
534,PCBL,INE602A01031,PCBL Chemical Limited,36685279,N.A,
535,PCJEWELLER,INE785M01021,PC Jeweller Limited,1194503779,N.A,
536,PERSISTENT,INE262H01021,Persistent Systems Limited,21688223,N.A,
537,PETRONET,INE347G01014,Petronet LNG Limited,150000018,N.A,
538,PFC,INE134E01011,Power Finance Corporation Limited,290447408,N.A,
539,PFIZER,INE182A01018,Pfizer Limited,3300938,N.A,
540,PGEL,INE457L01029,PG Electroplast Limited,32294604,N.A,
541,PGHH,INE179A01014,Procter & Gamble Hygiene and Health Care Limited,1906193,N.A,
542,PGHL,INE199A01012,Procter & Gamble Health Limited,1599662,N.A,
543,PGIL,INE940H01022,Pearl Global Industries Limited,3591860,N.A,
544,PHOENIXLTD,INE211B01039,The Phoenix Mills Limited,37734300,N.A,
545,PICCADIL,INE546C01010,Piccadily Agro Industries Limited,6196501,N.A,
546,PIDILITIND,INE318A01026,Pidilite Industries Limited,62451346,N.A,
547,PIIND,INE603J01030,PI Industries Limited,16356551,N.A,
548,PINELABS,INE15B701018,Pine Labs Limited,229655275,N.A,
549,PIRAMALFIN,INE202B01038,Piramal Finance Limited,24273824,N.A,
550,PNB,INE160A01022,Punjab National Bank,687763517,N.A,
551,PNBHOUSING,INE572E01012,PNB Housing Finance Limited,37499675,N.A,
552,PNCINFRA,INE195J01029,PNC Infratech Limited,22539633,N.A,
553,POCL,INE063E01061,Pondy Oxides & Chemicals Limited,9253639,N.A,
554,POLICYBZR,INE417T01026,PB Fintech Limited,92408040,N.A,
555,POLYCAB,INE455K01017,Polycab India Limited,11593533,N.A,
556,POLYMED,INE205C01021,Poly Medicure Limited,7618830,N.A,
557,POLYPLEX,INE633B01018,Polyplex Corporation Limited,4600278,N.A,
558,POONAWALLA,INE511C01022,Poonawalla Fincorp Limited,71229060,N.A,
559,POWERGRID,INE752E01010,Power Grid Corporation of India Limited,905143908,N.A,
560,POWERINDIA,INE07Y701011,Hitachi Energy India Limited,2557221,N.A,
561,POWERMECH,INE211R01019,Power Mech Projects Limited,2629345,N.A,
562,PPLPHARMA,INE0DK501011,Piramal Pharma Limited,172283868,N.A,
563,PRAJIND,INE074A01025,Praj Industries Limited,24702618,N.A,
564,PRECWIRE,INE372C01037,Precision Wires India Limited,15862246,N.A,
565,PREMIERENE,INE0BS701011,Premier Energies Limited,32334098,N.A,
566,PRESTIGE,INE811K01011,Prestige Estates Projects Limited,33646046,N.A,
567,PRICOLLTD,INE726V01018,Pricol Limited,14989333,N.A,
568,PRIVISCL,INE959A01019,Privi Speciality Chemicals Limited,3078146,N.A,
569,PRUDENT,INE00F201020,Prudent Corporate Advisory Services Limited,3701057,N.A,
570,PSB,INE608A01012,Punjab & Sind Bank,87306825,N.A,
571,PTC,INE877F01012,PTC India Limited,49601664,N.A,
572,PTCIL,INE596F01018,PTC Industries Limited,1207822,N.A,
573,PVRINOX,INE191H01014,PVR INOX Limited,14233179,N.A,
574,PWL,INE0LP301011,Physicswallah Limited,158430977,N.A,
575,QUESS,INE615P01015,Quess Corp Limited,12893449,N.A,
576,RADICO,INE944F01028,Radico Khaitan Limited,16013623,N.A,
577,RAILTEL,INE0DD101019,Railtel Corporation Of India Limited,17430674,N.A,
578,RAIN,INE855B01025,Rain Industries Limited,39454665,N.A,
579,RAINBOW,INE961O01016,Rainbow Childrens Medicare Limited,10152457,N.A,
580,RALLIS,INE613A01020,Rallis India Limited,17470456,N.A,
581,RAMCOCEM,INE331A01037,The Ramco Cements Limited,27147521,N.A,
582,RATEGAIN,INE0CLI01024,Rategain Travel Technologies Limited,12093027,N.A,
583,RATNAMANI,INE703B01027,Ratnamani Metals & Tubes Limited,5639336,N.A,
584,RATNAVEER,INE05CZ01011,Ratnaveer Precision Engineering Limited,7787333,N.A,
585,RAYMOND,INE301A01014,Raymond Limited,6803466,N.A,
586,RBA,INE07T201019,Restaurant Brands Asia Limited,129164925,N.A,
587,RBLBANK,INE976G01028,RBL Bank Limited,123884643,N.A,
588,RCF,INE027A01015,Rashtriya Chemicals and Fertilizers Limited,27583723,N.A,
589,RECLTD,INE020B01018,REC Limited,249446068,N.A,
590,REDINGTON,INE891D01026,Redington Limited,156354886,N.A,
591,REFEX,INE056I01025,Refex Industries Limited,12115261,N.A,
592,RELIANCE,INE002A01018,Reliance Industries Limited,1329137742,N.A,
593,RELIGARE,INE621H01010,Religare Enterprises Limited,47393779,N.A,
594,RENUKA,INE087H01022,Shree Renuka Sugars Limited,159722908,N.A,
595,RICOAUTO,INE209B01025,Rico Auto Industries Limited,13438551,N.A,
596,RIIL,INE046A01015,Reliance Industrial Infrastructure Limited,1647987,N.A,
597,RITES,INE320J01015,RITES Limited,26718846,N.A,
598,RKFORGE,INE399G01023,Ramkrishna Forgings Limited,20547895,N.A,
599,ROLEXRINGS,INE645S01024,Rolex Rings Limited,26013374,N.A,
600,ROUTE,INE450U01017,ROUTE MOBILE LIMITED,3168874,N.A,
601,RPOWER,INE614G01033,Reliance Power Limited,620499124,N.A,
602,RRKABEL,INE777K01022,R R Kabel Limited,8675862,N.A,
603,RTNPOWER,INE399K01017,RattanIndia Power Limited,600800451,N.A,
604,RUBICON,INE506V01022,Rubicon Research Limited,13252753,N.A,
605,RVNL,INE415G01027,Rail Vikas Nigam Limited,113255281,N.A,
606,SAFARI,INE429E01023,Safari Industries (India) Limited,5418785,N.A,
607,SAGILITY,INE0W2G01015,SAGILITY LIMITED,459239852,N.A,
608,SAIL,INE114A01011,Steel Authority of India Limited,289148548,N.A,
609,SAILIFE,INE570L01029,Sai Life Sciences Limited,27696912,N.A,
610,SAMBHV,INE12NJ01018,Sambhv Steel Tubes Limited,25844427,N.A,
611,SAMHI,INE08U801020,Samhi Hotels Limited,44426947,N.A,
612,SAMMAANCAP,INE148I01020,Sammaan Capital Limited,229162774,N.A,
613,SANDHAR,INE278H01035,Sandhar Technologies Limited,3565693,N.A,
614,SANDUMA,INE149K01016,Sandur Manganese & Iron Ores Limited,25065708,N.A,
615,SANOFI,INE058A01010,Sanofi India Limited,1824207,N.A,
616,SANSERA,INE953O01021,Sansera Engineering Limited,8835266,N.A,
617,SAPPHIRE,INE806T01020,Sapphire Foods India Limited,47520936,N.A,
618,SARDAEN,INE385C01021,Sarda Energy & Minerals Limited,18916824,N.A,
619,SAREGAMA,INE979A01025,Saregama India Limited,14931489,N.A,
620,SBC,INE04AK01028,SBC Exports Limited,47285520,N.A,
621,SBCL,INE386D01027,Shivalik Bimetal Controls Limited,7676749,N.A,
622,SBFC,INE423Y01016,SBFC Finance Limited,105303264,N.A,
623,SBICARD,INE018E01016,SBI Cards and Payment Services Limited,59143068,N.A,
624,SBILIFE,INE123W01016,SBI Life Insurance Company Limited,89618424,N.A,
625,SBIN,INE062A01020,State Bank of India,813861496,N.A,
626,SCHAEFFLER,INE513A01022,Schaeffler India Limited,8088087,N.A,
627,SCI,INE109A01011,Shipping Corporation Of India Limited,33771207,N.A,
628,SEDEMAC,INE00XB01019,SEDEMAC Mechatronics Limited,6515100,N.A,
629,SENCO,INE602W01027,Senco Gold Limited,11635205,N.A,
630,SENORES,INE0RB801010,Senores Pharmaceuticals Limited,4990646,N.A,
631,SFL,INE916U01025,Sheela Foam Limited,7460263,N.A,
632,SHADOWFAX,INE12UN01015,Shadowfax Technologies Limited,97137044,N.A,
633,SHAILY,INE151G01028,Shaily Engineering Plastics Limited,5202499,N.A,
634,SHAKTIPUMP,INE908D01010,Shakti Pumps (India) Limited,12252434,N.A,
635,SHARDACROP,INE221J01015,Sharda Cropchem Limited,4543332,N.A,
636,SHAREINDIA,INE932X01026,Share India Securities Limited,22488057,N.A,
637,SHILPAMED,INE790G01031,Shilpa Medicare Limited,23417034,N.A,
638,SHREECEM,INE070A01015,SHREE CEMENT LIMITED,2702310,N.A,
639,SHREEJISPG,INE1B6101010,Shreeji Shipping Global Limited,3259575,N.A,
640,SHRINGARMS,INE1B3L01017,Shringar House of Mangalsutra Limited,4860160,N.A,
641,SHRIPISTON,INE526E01018,SPR Auto Technologies Limited,4955344,N.A,
642,SHRIRAMFIN,INE721A01047,Shriram Finance Limited,375011109,N.A,
643,SHYAMMETL,INE810G01011,Shyam Metalics and Energy Limited,14036146,N.A,
644,SIEMENS,INE003A01024,Siemens Limited,17806118,N.A,
645,SIGNATURE,INE903U01023,Signatureglobal (India) Limited,8535398,N.A,
646,SIRCA,INE792Z01011,Sirca Paints India Limited,3954156,N.A,
647,SJS,INE284S01014,S.J.S. Enterprises Limited,5045800,N.A,
648,SJVN,INE002L01015,SJVN Limited,142687689,N.A,
649,SKFINDIA,INE640A01023,SKF India Limited,4689181,N.A,
650,SKIPPER,INE439E01022,Skipper Limited,7564676,N.A,
651,SKYGOLD,INE01IU01018,SKY GOLD AND DIAMONDS LIMITED,14948518,N.A,
652,SOBHA,INE671H01015,Sobha Limited,10078958,N.A,
653,SOLARINDS,INE343H01029,Solar Industries India Limited,4859757,N.A,
654,SONACOMS,INE073K01018,Sona BLW Precision Forgings Limited,89527247,N.A,
655,SONATSOFTW,INE269A01021,Sonata Software Limited,39559721,N.A,
656,SOUTHBANK,INE683A01023,The South Indian Bank Limited,523613213,N.A,
657,SPARC,INE232I01014,Sun Pharma Advanced Research Company Limited,22281299,N.A,
658,SRF,INE647A01010,SRF Limited,29484705,N.A,
659,STAR,INE939A01011,Strides Pharma Science Limited,13288689,N.A,
660,STARCEMENT,INE460H01021,Star Cement Limited,33856969,N.A,
661,STARHEALTH,INE575P01011,Star Health and Allied Insurance Company Limited,49450514,N.A,
662,STOVEKRAFT,INE00IN01015,Stove Kraft Limited,2927641,N.A,
663,STYLAMIND,INE239C01020,Stylam Industries Limited,1555622,N.A,
664,SUDARSCHEM,INE659A01023,Sudarshan Chemical Industries Limited,14434266,N.A,
665,SUMICHEM,INE258G01013,Sumitomo Chemical India Limited,24957287,N.A,
666,SUNDARMFIN,INE660A01013,Sundaram Finance Limited,13775858,N.A,
667,SUNDRMFAST,INE387A01021,Sundram Fasteners Limited,22296565,N.A,
668,SUNPHARMA,INE044A01036,Sun Pharmaceutical Industries Limited,218443087,N.A,
669,SUNTV,INE424H01027,Sun TV Network Limited,19704233,N.A,
670,SUPREMEIND,INE195A01028,Supreme Industries Limited,12965829,N.A,
671,SURYAROSNI,INE335A01020,Surya Roshni Limited,16096524,N.A,
672,SUZLON,INE040H01021,Suzlon Energy Limited,2426822377,N.A,
673,SWANCORP,INE665A01038,SWAN CORP LIMITED,28861777,N.A,
674,SWARAJENG,INE277A01016,Swaraj Engines Limited,1163745,N.A,
675,SWIGGY,INE00H001014,Swiggy Limited,521210936,N.A,
676,SWSOLAR,INE00M201021,Sterling and Wilson Renewable Energy Limited,25350394,N.A,
677,SYMPHONY,INE225D01027,Symphony Limited,3649844,N.A,
678,SYNGENE,INE398R01022,Syngene International Limited,37897947,N.A,
679,SYRMA,INE0DYJ01015,Syrma SGS Technology Limited,22218691,N.A,
680,TANLA,INE483C01032,Tanla Platforms Limited,14153044,N.A,
681,TARIL,INE763I01026,Transformers And Rectifiers (India) Limited,21393507,N.A,
682,TATACAP,INE976I01016,Tata Capital Limited,118227660,N.A,
683,TATACHEM,INE092A01019,Tata Chemicals Limited,31601465,N.A,
684,TATACOMM,INE151A01013,Tata Communications Limited,23447901,N.A,
685,TATACONSUM,INE192A01025,TATA CONSUMER PRODUCTS LIMITED,130949589,N.A,
686,TATAELXSI,INE670A01012,Tata Elxsi Limited,6989553,N.A,
687,TATAINVEST,INE672A01026,Tata Investment Corporation Limited,26932698,N.A,
688,TATAPOWER,INE245A01021,Tata Power Company Limited,339616396,N.A,
689,TATASTEEL,INE081A01020,Tata Steel Limited,1667987352,N.A,
690,TATATECH,INE142M01025,Tata Technologies Limited,36390917,N.A,
691,TBOTEK,INE673O01025,TBO Tek Limited,11712508,N.A,
692,TCS,INE467B01029,Tata Consultancy Services Limited,204305778,N.A,
693,TDPOWERSYS,INE419M01027,TD Power Systems Limited,22849954,N.A,
694,TECHM,INE669C01036,Tech Mahindra Limited,127428384,N.A,
695,TECHNOE,INE285K01026,Techno Electric & Engineering Company Limited,10019660,N.A,
696,TEGA,INE011K01018,Tega Industries Limited,4882781,N.A,
697,TEJASNET,INE010J01012,Tejas Networks Limited,16520936,N.A,
698,TENNIND,INE19RI01016,Tenneco Clean Air India Limited,20352645,N.A,
699,TEXRAIL,INE621L01012,Texmaco Rail & Engineering Limited,42035604,N.A,
700,TFCILTD,INE305A01023,Tourism Finance Corporation of India Limited,89034476,N.A,
701,THANGAMAYL,INE085J01014,Thangamayil Jewellery Limited,2386689,N.A,
702,THELEELA,INE0AQ201015,Leela Palaces Hotels & Resorts Limited,16091954,N.A,
703,THERMAX,INE152A01029,Thermax Limited,7758673,N.A,
704,THOMASCOOK,INE332A01027,Thomas Cook  (India)  Limited,33139039,N.A,
705,THYROCARE,INE594H01019,Thyrocare Technologies Limited,12439124,N.A,
706,TI,INE133E01013,Tilaknagar Industries Limited,33756473,N.A,
707,TIINDIA,INE974X01010,Tube Investments of India Limited,21660720,N.A,
708,TIMETECHNO,INE508G01029,Time Technoplast Limited,51767954,N.A,
709,TIMKEN,INE325A01013,Timken India Limited,7363749,N.A,
710,TIPSMUSIC,INE716B01029,Tips Music Limited,9164407,N.A,
711,TITAGARH,INE615H01020,TITAGARH RAIL SYSTEMS LIMITED,16037381,N.A,
712,TITAN,INE280A01028,Titan Company Limited,83488668,N.A,
713,TMB,INE668A01016,Tamilnad Mercantile Bank Limited,31670291,N.A,
714,TMCV,INE1TAE01010,Tata Motors Limited,422992475,N.A,
715,TMPV,INE155A01022,Tata Motors Passenger Vehicles Limited,423001713,N.A,
716,TORNTPHARM,INE685A01028,Torrent Pharmaceuticals Limited,21452008,N.A,
717,TORNTPOWER,INE813H01021,Torrent Power Limited,49292045,N.A,
718,TRANSRAILL,INE454P01035,Transrail Lighting Limited,7755508,N.A,
719,TRENT,INE849A01020,Trent Limited,67181196,N.A,
720,TRIDENT,INE064C01022,Trident Limited,268214053,N.A,
721,TRITURBINE,INE152M01016,Triveni Turbine Limited,28077641,N.A,
722,TRIVENI,INE256C01024,Triveni Engineering & Industries Limited,17081361,N.A,
723,TTML,INE517B01013,Tata Teleservices (Maharashtra) Limited,100251080,N.A,
724,TVSHLTD,INE105A01035,TVS Holdings Limited,1033741,N.A,
725,TVSMOTOR,INE494B01023,TVS Motor Company Limited,47229460,N.A,
726,UBL,INE686F01025,United Breweries Limited,15424676,N.A,
727,UCOBANK,INE691A01018,UCO Bank,226929691,N.A,
728,UJJIVANSFB,INE551W01018,Ujjivan Small Finance Bank Limited,389051158,N.A,
729,ULTRACEMCO,INE481G01011,UltraTech Cement Limited,23870862,N.A,
730,UNIONBANK,INE692A01016,Union Bank of India,385388951,N.A,
731,UNITDSPR,INE854D01024,United Spirits Limited,63025889,N.A,
732,UNOMINDA,INE405E01023,UNO Minda Limited,36532196,N.A,
733,UPL,INE628A01036,UPL Limited,112252035,N.A,
734,URBANCO,INE0CAZ01013,Urban Company Limited,233763621,N.A,
735,USHAMART,INE228A01035,Usha Martin Limited,35636928,N.A,
736,UTIAMC,INE094J01016,UTI Asset Management Company Limited,25704007,N.A,
737,V2RETAIL,INE945H01021,V2 Retail Limited,35417730,N.A,
738,VAIBHAVGBL,INE884A01027,Vaibhav Global Limited,14215495,N.A,
739,VAML,INE1CDF01017,Vedanta Aluminium Metal Limited,339857596,N.A,
740,VARROC,INE665L01035,Varroc Engineering Limited,7639320,N.A,
741,VBL,INE200M01039,Varun Beverages Limited,274415776,N.A,
742,VEDL,INE205A01025,Vedanta Limited,339986797,N.A,
743,VENKEYS,INE398A01010,Venky's (India) Limited,1236674,N.A,
744,VGUARD,INE951I01027,V-Guard Industries Limited,40862719,N.A,
745,VIJAYA,INE043W01024,Vijaya Diagnostic Centre Limited,9772714,N.A,
746,VIKRAMSOLR,INE078V01014,Vikram Solar Limited,26802249,N.A,
747,VIKRAN,INE01R501028,Vikran Engineering Limited,22557559,N.A,
748,VIMTALABS,INE579C01029,Vimta Labs Limited,5731075,N.A,
749,VINATIORGA,INE410B01037,Vinati Organics Limited,5332172,N.A,
750,VINCOFE,INE498Q01014,Vintage Coffee And Beverages Limited,19041776,N.A,
751,VIPIND,INE054A01027,VIP Industries Limited,16379441,N.A,
752,VISL,INE1CLE01013,Vedanta Iron and Steel Limited,339857596,N.A,
753,VIYASH,INE807F01027,Viyash Scientific Limited,33719645,N.A,
754,VMART,INE665J01013,V-Mart Retail Limited,8867453,N.A,
755,VMM,INE01EA01019,Vishal Mega Mart Limited,560279470,N.A,
756,VOGL,INE704J01044,Vedanta Oil and Gas Limited,339857596,N.A,
757,VOLTAMP,INE540H01012,Voltamp Transformers Limited,1416389,N.A,
758,VOLTAS,INE226A01021,Voltas Limited,46126252,N.A,
759,VSTIND,INE710A01016,VST Industries Limited,22983748,N.A,
760,VTL,INE825A01020,Vardhman Textiles Limited,20217335,N.A,
761,WAAREEENER,INE377N01017,Waaree Energies Limited,20641864,N.A,
762,WAAREERTL,INE299N01021,Waaree Renewable Technologies Limited,5359109,N.A,
763,WABAG,INE956G01038,VA Tech Wabag Limited,10082885,N.A,
764,WALCHANNAG,INE711A01022,Walchandnagar Industries Limited,9282223,N.A,
765,WELCORP,INE191B01025,Welspun Corp Limited,26503065,N.A,
766,WELENT,INE625G01013,Welspun Enterprises Limited,11583919,N.A,
767,WELSPUNLIV,INE192B01031,Welspun Living Limited,64095604,N.A,
768,WHIRLPOOL,INE716A01013,Whirlpool of India Limited,15284439,N.A,
769,WIPRO,INE075A01022,Wipro Limited,540569709,N.A,
770,WOCKPHARMA,INE049B01025,Wockhardt Limited,16546664,N.A,
771,YATHARTH,INE0JO301016,Yatharth Hospital & Trauma Care Services Limited,8518337,N.A,
772,YATRA,INE0JR601024,Yatra Online Limited,11719867,N.A,
773,YESBANK,INE528G01035,Yes Bank Limited,6275951411,N.A,
774,ZAGGLE,INE07K301024,Zaggle Prepaid Ocean Services Limited,15018331,N.A,
775,ZEEL,INE256A01028,Zee Entertainment Enterprises Limited,184440627,N.A,
776,ZENSARTECH,INE520A01027,Zensar Technologies Limited,23046791,N.A,
777,ZENTEC,INE251B01027,Zen Technologies Limited,9225487,N.A,
778,ZFCVINDIA,INE342J01019,ZF Commercial Vehicle Control Systems India Limited,9104440,N.A,
779,ZYDUSLIFE,INE010B01027,Zydus Lifesciences Limited,49846032,N.A,
780,ZYDUSWELL,INE768C01028,Zydus Wellness Limited,19321935,N.A,
781,SPICEJET,INE285B01017,Spicejet Ltd,231383319,N.A,
782,SELECTRIC,INE155D01018,Schneider Electric President Systems Ltd,626204,N.A,
783,NSDL,INE301O01023,National Securities Depository Ltd,40000000,N.A,
784,A1L,INE911Z01025,A-1 Ltd,27575192,N.A,
785,SHALPRO,INE435E01020,Shalimar Productions Ltd,184992159,N.A,
786,ALPHA,INF174KA1IA5,KOTAKMAMC-KOTAKALPHA,33505351,N.A,
787,ALPL30IETF,INF109KC17V7,ICICIPRAMC-ICICIALPLV,112830544,N.A,
788,AUTOBEES,INF204KC1337,NIPPONAMC-NETFAUTO,3276500,N.A,
789,AUTOIETF,INF109KC10V2,ICICIPRAMC-ICICIAUTO,15891024,N.A,
790,BANKBEES,INF204KB15I9,NIPINDETFBANKBEES,28008850,N.A,
791,BANKIETF,INF109KC15I8,ICICIPRAMC-IPRU5008,103308190,N.A,
792,BANKNIFTY1,INF174KA1ZB7,KOTAKMAMC-KOTAKBKETF,156968848,N.A,
793,BSLGOLDETF,INF209KB18D3,ABSLGoldETF-GO,45212656,N.A,
794,CONSUMBEES,INF204KA1LD7,NIPINDETFCONSUMPTION,3067023,N.A,
795,CPSEETF,INF457M01133,CPSEETF,411085286,N.A,
796,EBBETF0430,INF754K01KO2,EDELAMC-EBBETF0430,31294851,N.A,
797,EBBETF0431,INF754K01LE1,EDELAMC-EBBETF0431,18669618,N.A,
798,EBBETF0433,INF754K01QX0,EDELAMC-EBBETF0433,9675536,N.A,
799,FINIETF,INF109KC17L8,ICICIPRAMC-ICICIFIN,13352830,N.A,
800,FMCGIETF,INF109KC19V3,ICICIPRAMC-ICICIFMCG,29406876,N.A,
801,GOLD1,INF174KA1HJ8,KotakMutualFund-Gold,229526320,N.A,
802,GOLDADD,INF740KA1SW3,DSPAMC - DSPGOLD,34076455,N.A,
803,GOLDAXIS,INF846K01W80,AXISAMC-GOLDAXIS,87141440,N.A,
804,GOLDBEES,INF204KB17I5,NIPINDETFGOLDBEES,914007187,N.A,
805,GOLDBETA,INF789F1AUX7,UTIAMC -UTIGOLDBETA,68310085,N.A,
806,GOLDCASE,INF0R8F01042,ZERODHAAMC-GOLDCASE,207019298,N.A,
807,GOLDETF,INF769K01JP9,MIRAEAMC-MAGOLDETF,45466456,N.A,
808,GOLDIETF,INF109KC1NT3,ICICIPrudGoldETF,421853820,N.A,
809,GROWWGOLD,INF666M01OE7,GROWWAMC - GROWWGOLD,62752528,N.A,
810,HDFCGOLD,INF179KC1981,HDFCGoldETF,346212479,N.A,
811,HDFCNIFTY,INF179KC1965,HDFCAMC-HDFCNIFTY,36838902,N.A,
812,HDFCSILVER,INF179KC1DI2,HDFCAMC-HDFCSILVER,68630246,N.A,
813,HDFCSML250,INF179KC1FB2,HDFCAMC-HDFCSML250,27232340,N.A,
814,HEALTHIETF,INF109KC1Q72,ICICIPRAMC-ICICIPHARM,2734242,N.A,
815,HNGSNGBEES,INF204KB19I1,NIPINDETFHANGSENGBEES,4717336,N.A,
816,ICICIB22,INF109KB15Y7,ICICIPRAMC-BHARATIWIN,175586827,N.A,
817,ITBEES,INF204KB15V2,NIPINDETFIT,244163367,N.A,
818,ITIETF,INF109KC16I6,ICICIPRAMC-ICICITECH,35642032,N.A,
819,JUNIORBEES,INF732E01045,NIP IND ETF JUNIOR BEES,21802438,N.A,
820,LOWVOLIETF,INF109KC19U5,ICICIPruNiftyLowvol30,312486910,N.A,
821,MAFANG,INF769K01HF4,MIRAEAMC-MAFANG,49460719,N.A,
822,METAL,INF769K01LY7,MIRAEAMC - METAL,83211479,N.A,
823,METALIETF,INF109KC19W1,ICICIPRAMC - METALIETF,151926285,N.A,
824,MID150BEES,INF204KB1V68,NIPINDETFMIDCAP150,30988057,N.A,
825,MID150CASE,INF0R8F01059,ZERODHAAMC-MID150CASE,44556420,N.A,
826,MIDCAPETF,INF769K01IC9,MIRAEAMC-MAM150ETF,157303541,N.A,
827,MIDCAPIETF,INF109KC11W8,ICICIPRAMC-ICICIM150,65166478,N.A,
828,MOCAPITAL,INF247L01EV3,MOTILALAMC - MOCAPITAL,8850000,N.A,
829,MODEFENCE,INF247L01DJ0,MOTILALAMC - MODEFENCE,25830000,N.A,
830,MOM100,INF247L01023,MotilalOsMidcap100ETF,26605783,N.A,
831,MOM30IETF,INF109KC17C7,ICICIPRAMC-ICICIMOM30,39528593,N.A,
832,MOMENTUM50,INF247L01DK8,MOTILALAMC - MOMENTUM50,14917052,N.A,
833,MON100,INF247L01AP3,MotilalOsNASDAQ100ETF,100826948,N.A,
834,MOREALTY,INF247L01CI4,MOTILALAMC-MOREALTY,5800000,N.A,
835,MOSMALL250,INF247L01CH6,MOTILALAMC-MOSMALL250,27560000,N.A,
836,NEXT50IETF,INF109KC1NS5,ICICIPRAMC-ICICINXT50,70483186,N.A,
837,NIFTY1,INF174K014P6,KotakNiftyETF,26155426,N.A,
838,NIFTYBEES,INF204KB14I2,NIPINDETFNIFTYBEES,477553277,N.A,
839,NIFTYBETA,INF789F1AZC0,UTIAMC-NIFTYBETA,540520500,N.A,
840,NIFTYETF,INF769K01EG9,MIRAEAMC-MAN50ETF,40314137,N.A,
841,NIFTYIETF,INF109K012R6,ICICIPruNiftyETF,315653534,N.A,
842,NV20IETF,INF109KC11V0,ICICIPruNV20ETF,26295606,N.A,
843,OILIETF,INF109KC18W3,ICICIPRAMC - OILIETF,53715644,N.A,
844,PHARMABEES,INF204KC1089,NIPPONAMC-NETFPHARMA,124496542,N.A,
845,PSUBNKBEES,INF204KB16I7,NIPINDETFPSUBANKBEES,86155086,N.A,
846,PVTBANIETF,INF109KC18U7,ICICIPRAMC-ICICIBANKP,292897988,N.A,
847,QGOLDHALF,INF082J01408,QuantumGoldFund-Exchan,12031990,N.A,
848,SBISILVER,INF200KB1217,SBIAMC - SBISILVER,52920221,N.A,
849,SETFGOLD,INF200KA16D8,SBI-ETFGold,401842560,N.A,
850,SETFNIF50,INF200KA1FS1,SBI-ETFNifty50,1643370728,N.A,
851,SETFNIFBK,INF200KA1580,SBI-ETFNiftyBank,12483961,N.A,
852,SETFNN50,INF200KA1598,SBI-ETFNiftyNext50,7720506,N.A,
853,SILVER,INF209KB19F6,BIRLASLAMC-SILVER,26318583,N.A,
854,SILVERADD,INF740KA1RE3,DSPAMC-DSPSILVETF,13296061,N.A,
855,SILVERAG,INF769K01KG6,MIRAEAMC-MASILVER,10518613,N.A,
856,SILVERBEES,INF204KC1402,NIPPONAMC-SILVERBEES,283875902,N.A,
857,SILVERBETA,INF789F1AYK6,UTIAMC-SILVERBETA,12668609,N.A,
858,SILVERCASE,INF0R8F01091,ZERODHAAMC - SILVERCASE,102799329,N.A,
859,SILVERIETF,INF109KC1Y56,ICICIPRAMC-ICICISILVE,125297896,N.A,
860,SMALLCAP,INF769K01LC3,MIRAEAMC-SMALLCAP,40035661,N.A,
861,TATAGOLD,INF277KA1976,TATAAML-TATAGOLD,832785837,N.A,
862,TATSILV,INF277KA1984,TATAAML-TATSILV,500390447,N.A,
863,SENSEXBEES,INF204KA1UN7,Nippon India ETF S&P BSE Sensex,62706263,N.A,
864,ABSLLIQUID,INF209KB18T9,BIRLASLAMC-ABSLLIQUID,199188,N.A,5%
865,AONELIQUID,INF1J2R01056,AONEAMC - AONELIQUID,1400107,N.A,5%
866,CASHIETF,INF109K1A021,ICICIPRAMC - CASHIETF,4430189,N.A,5%
867,ELIQUID,INF754K01VW2,EDELAMC - ELIQUID,299705,N.A,5%
868,GILT5YBEES,INF204KC1030,RELCAPAMC-NETFGILT5Y,7971038,N.A,10%
869,GROWWLIQID,INF666M01IP5,GROWWAMC - GROWWLIQID,6587800,N.A,5%
870,HDFCLIQUID,INF179KC1JG3,HDFCAMC-HDFCLIQUID,352601,N.A,5%
871,LICNETFGSC,INF767K01MV5,LICNAMC-LICNMFET,130574703,N.A,10%
872,LIQGRWBEES,INF204KC1FU1,NIPPONAMC - LIQGRWBEES,612703,N.A,5%
873,LIQUID,INF769K01KS1,MIRAEAMC-LIQUID,2645160,N.A,5%
874,LIQUID1,INF174KA1LV5,KOTAKMAMC-KOTAKLIQ,11400296,N.A,5%
875,LIQUIDADD,INF740KA1UM0,DSPAMC-LIQUIDADD,6913320,N.A,5%
876,LIQUIDBEES,INF732E01037,NIPINDETFLIQUIDBEES,56725192,N.A,5%
877,LIQUIDBETF,INF0QA701854,BFAM-LIQUIDBETF,3061458,N.A,5%
878,LIQUIDCASE,INF0R8F01034,ZERODHAAMC-LIQUIDCASE,436783313,N.A,5%
879,LIQUIDETF,INF740KA1EU7,DSPAMC-LIQUIDETF,3498662,N.A,5%
880,LIQUIDIETF,INF109KC1KT9,ICICIPRAMC-ICICILIQ,6128741,N.A,5%
881,LIQUIDPLUS,INF769K01MY5,MIRAEAMC - LIQUIDPLUS,4633425,N.A,5%
882,LIQUIDSBI,INF200KA13Z8,SBIAMC-LIQUIDSBI,247411,N.A,5%
883,LIQUIDSHRI,INF680P01422,SHRIRAM - LIQUIDSHRI,167952,N.A,5%
884,LTGILTBEES,INF204KB1882,NIPINDETFLONGTERMGILT,164653592,N.A,10%
885,LTGILTCASE,INF0R8F01133,ZERODHAAMC - LTGILTCASE,7640219,N.A,10%
886,SBILIQETF,INF200KB1969,SBIAMC - SBILIQETF,300494,N.A,5%
